Graph,Nodes,Edges,Avg Degree,Density,Clustering,Diameter
sparse,612,479,1.565359477124183,0.002561963137682787,0.0,DISCONNECTED
dense,1000,49929,99.858,0.09995795795795796,0.10020900687459289,2
scale_free,1000,2991,5.982,0.005987987987987988,0.033289195953097976,6
small_world,1000,5000,10.0,0.01001001001001001,0.5768890886890887,8
